"spkid","pdes","H","diameter","albedo","rot_per","BV","UB","IR","spec_B","spec_T","e","a","q","i"
20000001,1,3.34,939.4,0.090,9.074170,0.713,0.426,,C,G,0.0796,2.766,2.546,10.59
20000002,2,4.11,513,0.155,7.8132214,0.635,0.284,,B,B,0.2306,2.77,2.131,34.93
20000003,3,5.19,246.596,0.214,7.21,0.824,0.433,,Sk,S,0.2558,2.671,1.988,12.99
20000004,4,3.25,522.77,0.4228,5.3421276322,0.782,0.492,,V,V,0.0902,2.362,2.149,7.14
20000005,5,6.99,106.699,0.274,16.806,0.826,0.411,,S,S,0.1875,2.577,2.094,5.36
20000006,6,5.61,185.18,0.2679,7.2745,0.822,0.399,,S,S,0.2022,2.425,1.935,14.74
20000007,7,5.67,199.83,0.2766,7.139,0.855,0.484,,S,S,0.2302,2.387,1.837,5.52
20000008,8,6.61,147.491,0.226,12.865,0.885,0.489,,,S,0.1563,2.201,1.857,5.89
20000009,9,6.34,190,0.118,5.079,0.858,0.496,,,S,0.1226,2.387,2.094,5.58
20000010,10,5.65,407.12,0.0717,13.828,0.696,0.351,,C,C,0.1082,3.148,2.807,3.83
20000011,11,6.73,142.887,0.191,13.7204,0.837,0.417,,Sk,S,0.1005,2.453,2.207,4.64
20000012,12,7.29,115.087,0.163,8.6599,0.874,0.515,,L,S,0.2199,2.334,1.821,8.37
20000013,13,6.91,202.636,0.049,7.045,0.745,0.452,,Ch,G,0.0847,2.576,2.358,16.53
20000014,14,6.54,152,0.159,15.028,0.833,0.388,,S,S,0.1627,2.588,2.167,9.13
20000015,15,5.42,231.689,0.248,6.083,0.839,0.451,,S,S,0.1878,2.642,2.146,11.76
20000016,16,6.20,222,0.1203,4.196,0.729,0.299,,X,M,0.1343,2.923,2.531,3.10
20000017,17,7.92,84.899,0.193,12.27048,0.829,0.438,,Sl,S,0.1313,2.473,2.148,5.59
20000018,18,6.35,139.594,0.181,11.57,0.854,0.425,,S,S,0.2180,2.296,1.795,10.13
20000019,19,7.49,200,0.037,7.4432,0.719,0.324,,Ch,G,0.1580,2.442,2.056,1.57
20000020,20,6.54,135.680,0.241,8.098,0.854,0.463,,S,S,0.1438,2.408,2.062,0.71
20000021,21,7.49,98,0.19,8.1655,0.686,0.189,,Xk,M,0.1648,2.434,2.033,3.06
20000022,22,6.79,167.536,0.166,4.1483,0.715,0.234,,X,M,0.0989,2.909,2.622,13.70
20000023,23,7.13,107.53,0.2536,12.312,0.859,0.442,,S,S,0.2312,2.629,2.021,10.11
20000024,24,7.22,198,0.067,8.374,0.684,0.336,,B,C,0.1153,3.143,2.781,0.74
20000025,25,7.87,61.054,0.350,9.9341,0.932,0.513,,S,S,0.2540,2.4,1.791,21.61
20000026,26,7.48,94.80,0.1966,13.11,0.891,0.525,,S,S,0.0886,2.655,2.420,3.55
20000027,27,7.03,96,0.215,10.4082,0.878,0.502,,S,S,0.1716,2.347,1.944,1.58
20000028,28,7.23,120.90,0.1763,15.706,0.845,0.469,,S,S,0.1490,2.777,2.364,9.42
20000029,29,5.97,189.559,0.216,5.3921,0.838,0.449,,S,S,0.0734,2.554,2.367,6.08
20000030,30,7.57,92.787,0.192,13.686,0.873,0.459,,Sl,S,0.1267,2.366,2.066,2.09
20000031,31,6.81,267.080,0.053,5.53,0.687,0.317,,Cb,C,0.2159,3.162,2.479,26.31
20000032,32,7.76,80.76,0.2564,9.448,0.857,0.429,,S,S,0.0813,2.588,2.377,5.52
20000033,33,8.48,52.929,0.240,18.608,0.848,0.438,,Sq,S,0.3333,2.874,1.916,1.85
20000034,34,8.77,132.992,0.023,12.15,0.707,0.357,,Ch,C,0.1068,2.688,2.401,5.50
20000035,35,8.68,103.055,0.066,31.9,0.703,0.335,,C,C,0.2173,3.006,2.353,7.87
20000036,36,8.57,132.842,0.029,9.93,0.713,0.363,,,C,0.3063,2.745,1.904,18.37
20000037,37,7.34,108.35,0.1826,7.3335,0.843,0.414,,S,S,0.1747,2.643,2.181,3.07
20000038,38,8.49,92.255,0.055,12.838,0.726,0.419,,Cgh,C,0.1509,2.743,2.329,6.95
20000039,39,5.97,179.484,0.269,5.138,0.898,0.494,,S,S,0.1131,2.771,2.458,10.38
20000040,40,6.55,111.251,0.220,8.91,0.854,0.432,,S,S,0.0463,2.268,2.163,4.26
20000041,41,7.58,205.495,0.059,5.988,0.726,0.363,,Ch,C,0.2704,2.769,2.020,15.73
20000042,42,7.70,110.997,0.139,13.59,0.874,0.462,,L,S,0.2219,2.444,1.901,8.51
20000043,43,7.94,71.340,0.234,5.76218,0.863,0.490,,Sk,S,0.1681,2.203,1.833,3.47
20000044,44,6.75,70.64,0.482,6.422,0.703,0.245,,Xc,E,0.1499,2.423,2.060,3.71
20000045,45,7.77,202.327,0.045,5.699,0.676,0.274,,C,FC,0.0822,2.722,2.498,6.61
20000046,46,8.51,131.471,0.046,21.04,0.692,0.226,,Xc,P,0.1719,2.526,2.092,2.35
20000047,47,8.17,168.174,0.082,13.178,0.665,0.300,,B,C,0.1333,2.881,2.497,4.97
20000048,48,7.12,216.473,0.065,11.89,0.716,0.442,,Ch,CG,0.0663,3.113,2.907,6.56
20000049,49,8.00,166.252,0.048,20.705,0.749,0.411,,Ch,CG,0.2215,3.098,2.412,3.20
20000050,50,9.44,84.074,0.050,14.315,0.703,0.347,,Ch,X,0.2846,2.651,1.897,2.84
20000051,51,7.73,138.159,0.100,7.783,0.789,0.482,,Ch,CU,0.0659,2.366,2.210,9.97
20000052,52,6.65,303.918,0.057,5.6304,0.679,0.338,,C,CF,0.1120,3.092,2.746,7.48
20000053,53,8.90,97.262,0.028,9.036,0.705,0.318,,,XC,0.2030,2.619,2.087,5.18
20000054,54,7.96,160.120,0.059,7.024,0.727,0.357,,C,C,0.1983,2.713,2.175,11.83
20000055,55,7.84,84.794,0.204,4.804,0.704,0.242,,X,M,0.1451,2.758,2.358,7.18
20000056,56,8.53,121.333,0.057,18.147,0.697,0.312,,Xk,P,0.2369,2.597,1.982,8.08
20000057,57,6.94,112.59,0.2149,25.324,0.817,0.410,,S,S,0.1080,3.156,2.815,15.23
20000058,58,9.02,106.517,0.044,9.895,0.690,0.370,,Ch,C,0.0457,2.7,2.576,5.07
20000059,59,8.10,165.119,0.044,13.671,0.662,0.285,,B,CP,0.1166,2.714,2.397,8.65
20000060,60,8.64,43.218,0.373,25.208,0.854,0.452,,S,S,0.1845,2.393,1.951,3.60
20000061,61,7.74,85.937,0.203,11.45,0.852,0.402,,S,S,0.1638,2.985,2.496,18.21
20000062,62,8.91,106.921,0.048,9.2213,0.708,0.378,,Ch,BU,0.1680,3.13,2.604,2.24
20000063,63,7.13,116.044,0.125,9.298,0.916,0.500,,Sa,S,0.1282,2.395,2.088,5.77
20000064,64,7.74,58.292,0.483,8.752,0.734,0.254,,Xe,E,0.1265,2.681,2.342,1.31
20000065,65,6.83,237.26,0.0706,6.0814,0.690,0.271,,Xc,P,0.1277,3.408,2.972,3.56
20000066,66,9.48,71.82,0.016,9.73509,0.697,0.360,,Ch,C,0.1721,2.647,2.191,3.04
20000067,67,8.38,56.309,0.228,15.853,0.861,0.434,,S,S,0.1857,2.422,1.972,6.02
20000068,68,6.90,122.509,0.228,14.848,0.845,0.488,,,S,0.1843,2.783,2.270,7.96
20000069,69,7.21,138.13,0.1402,5.655,0.674,0.230,,X,M,0.1690,2.977,2.474,8.59
20000070,70,8.17,127.911,0.038,15.8052,0.740,0.390,,Ch,C,0.1830,2.614,2.135,11.60
20000071,71,7.24,83.42,0.3052,35.864,0.803,0.439,,Xe,S,0.1770,2.755,2.267,23.24
20000072,72,9.07,74.966,0.083,8.097,0.785,0.375,,,TDG,0.1214,2.266,1.991,5.42
20000073,73,9.06,44.590,0.223,8.297,,,,,S,0.0423,2.664,2.551,2.37
20000074,74,8.93,118.71,0.0431,17.268,0.686,0.320,,C,C,0.2368,2.782,2.123,4.07
20000075,75,9.23,62.377,0.117,5.357,0.710,0.266,,Xk,M,0.3053,2.673,1.857,4.99
20000076,76,8.01,145.423,0.058,9.973,0.704,0.298,,X,P,0.1677,3.409,2.837,2.12
20000077,77,8.59,61.390,0.177,9.0032,0.746,0.249,,Xe,MU,0.1335,2.667,2.311,2.42
20000078,78,8.30,120.60,0.0706,7.2991,0.713,0.380,,Ch,C,0.2035,2.623,2.089,8.68
20000079,79,7.78,63.479,0.287,5.978,0.874,0.421,,S,S,0.1910,2.444,1.977,4.61
20000080,80,8.05,68.563,0.206,14.03,0.901,0.523,,S,S,0.1997,2.296,1.838,8.68
20000081,81,8.69,117.727,0.045,10.943,0.701,0.346,,Cb,C,0.2118,2.852,2.248,7.80
20000082,82,8.26,57.621,0.167,12.999,0.814,0.380,,Sq,S,0.2211,2.764,2.153,2.83
20000083,83,8.74,110.503,0.050,10.111,0.704,0.266,,X,X,0.0830,2.432,2.230,4.97
20000084,84,9.32,79.16,0.0527,23.562,0.733,0.445,,Ch,G,0.2355,2.362,1.806,9.31
20000085,85,7.94,154.79,0.0666,6.875,0.668,0.294,,B,FC,0.1931,2.653,2.141,11.96
20000086,86,8.70,109.929,0.056,16.634,0.703,0.321,,,C,0.2177,3.106,2.430,4.82
20000087,87,6.94,253.051,0.046,5.184,0.710,0.251,,X,P,0.0943,3.485,3.156,10.87
20000088,88,7.25,232,0.0671,6.042,0.681,0.305,,B,CF,0.1653,2.767,2.310,5.23
20000089,89,6.37,145.483,0.189,11.387,0.859,0.442,,K,S,0.1838,2.551,2.082,16.12
20000090,90,8.43,115.974,0.058,16.509,0.688,0.317,,C,C,0.1724,3.141,2.600,2.21
20000091,91,9.13,103.402,0.048,6.025,0.724,0.317,,Ch,CP,0.1082,2.59,2.310,2.10
20000092,92,6.71,126.42,0.2509,15.941,0.725,0.275,,Xc,X,0.1049,3.185,2.851,9.92
20000093,93,7.90,154.155,0.056,5.982,0.685,0.315,,C,CU,0.1429,2.753,2.360,8.54
20000094,94,7.72,204.89,0.0395,7.22,0.663,0.301,,C,CP,0.0964,3.156,2.852,7.97
20000095,95,7.97,147.969,0.058,8.705,0.711,0.374,,Ch,C,0.1526,3.064,2.596,13.01
20000096,96,7.67,177.774,0.048,13.868,0.775,0.337,,T,T,0.1423,3.049,2.615,15.98
20000097,97,7.79,100.717,0.128,35.15,0.716,0.226,,,M,0.2576,2.668,1.981,11.78
20000098,98,8.96,132.788,0.029,16.479,0.749,0.375,,Ch,CG,0.1879,2.687,2.182,15.58
20000099,99,9.47,67.354,0.065,18.127,0.703,0.322,,Xk,C,0.1977,2.663,2.137,13.86
20000100,100,7.75,85.734,0.205,27.066,0.838,0.363,,S,S,0.1680,3.09,2.571,6.43
20000101,101,8.39,65.84,0.1898,23.08,0.854,0.426,,S,S,0.1405,2.584,2.221,10.19
20000102,102,9.47,82.595,0.051,23.613,0.726,0.371,,C,P,0.2513,2.664,1.995,5.17
20000103,103,7.74,83.908,0.217,23.74,0.853,0.441,,S,S,0.0810,2.703,2.484,5.43
20000104,104,8.53,136.553,0.052,8.984,0.688,0.340,,Ch,C,0.1625,3.143,2.633,2.79
20000105,105,8.75,94.864,0.032,37.15,0.693,0.317,,Ch,C,0.1790,2.372,1.948,21.46
20000106,106,7.77,207.869,0.044,16.21,0.743,0.464,,Cgh,G,0.1589,3.182,2.677,4.58
20000107,107,7.11,210.370,0.059,4.844,0.705,0.298,,X,C,0.0665,3.493,3.261,10.00
20000108,108,7.96,75.498,0.148,14.256,0.855,0.502,,Sl,S,0.0633,3.232,3.028,4.21
20000109,109,8.98,82.588,0.036,13.191,0.696,0.408,,Ch,GC,0.3005,2.693,1.884,7.85
20000110,110,7.84,86.09,0.1808,10.927,0.705,0.298,,X,M,0.0791,2.733,2.517,5.96
20000111,111,8.22,126.344,0.062,22.072,0.690,0.389,,Ch,C,0.1035,2.593,2.324,4.93
20000112,112,9.77,69.818,0.042,31.466,0.696,0.284,,Ch,DCX,0.1279,2.434,2.123,2.60
20000113,113,8.54,50.137,0.224,9.95,0.925,0.521,,S,S,0.0862,2.376,2.172,5.04
20000114,114,8.46,94.178,0.089,10.7431,0.768,0.269,,Xk,T,0.1390,2.675,2.303,4.95
20000115,115,7.76,79.83,0.2747,7.241,0.851,0.431,,S,S,0.1924,2.38,1.922,11.59
20000116,116,7.78,71.70,0.2560,12.028,0.873,0.429,,Sk,S,0.1381,2.768,2.386,3.56
20000117,117,8.15,208.974,0.027,9.127,0.687,0.306,,X,XC,0.0229,2.992,2.923,14.92
20000118,118,8.92,40.211,0.245,7.8055,0.859,0.433,,S,S,0.1634,2.438,2.040,7.75
20000119,119,8.34,57.30,0.2306,11.484,0.874,0.342,,Sl,S,0.0819,2.581,2.370,5.79
20000120,120,7.78,155.132,0.058,46.551,0.707,0.383,,C,C,0.0490,3.12,2.967,6.94
20000121,121,7.40,209.00,0.0482,5.55128,0.739,0.425,,Ch,C,0.1246,3.457,3.026,7.57
20000122,122,7.67,70.676,0.297,10.685,0.776,0.410,,L,ST,0.0228,3.226,3.152,1.64
20000123,123,8.97,45.209,0.261,9.873,0.850,0.395,,S,S,0.1201,2.695,2.371,6.41
20000124,124,8.07,88.648,0.128,9.906,0.844,0.424,,S,S,0.0784,2.63,2.424,2.96
20000125,125,8.93,48.418,0.182,3.968,0.705,0.239,,X,M,0.0814,2.743,2.519,4.66
20000126,126,9.26,44.82,0.1723,5.3672,0.865,0.496,,,S,0.1056,2.44,2.183,2.92
20000127,127,8.55,122,0.042,12.7988,,,,Ch,CX,0.0633,2.756,2.581,8.24
20000128,128,7.67,162.515,0.067,38.9325,0.685,0.392,,C,C,0.1270,2.75,2.401,6.25
20000129,129,7.02,113,0.151,4.9572,0.717,0.245,,X,M,0.2131,2.868,2.257,12.27
20000130,130,7.46,180.652,0.086,5.225,0.753,0.483,,Ch,G,0.2095,3.124,2.470,22.78
20000131,131,10.00,31.337,0.246,5.1812,0.829,0.402,,Xc,SU,0.0694,2.432,2.263,4.96
20000132,132,8.96,42.87,0.1990,5.1684,0.673,0.188,,Xe,M,0.3870,2.612,1.601,24.98
20000133,133,8.04,72.175,0.279,12.708,0.907,0.510,,S,SR,0.1303,3.074,2.674,7.22
20000134,134,8.97,108,0.0364,17.196,0.690,0.322,,Ch,C,0.1151,2.563,2.268,11.61
20000135,135,8.32,79.24,0.1436,8.403,0.698,0.269,,Xk,M,0.2084,2.427,1.921,2.30
20000136,136,9.76,36.893,0.201,11.4969,0.752,0.247,,Xe,M,0.0851,2.287,2.092,9.58
20000137,137,8.35,128.678,0.065,25.676,0.689,0.326,,,C,0.2107,3.126,2.467,13.42
20000138,138,9.02,52.905,0.273,10.101,0.877,0.490,,,S,0.1619,2.451,2.054,3.20
20000139,139,8.05,151.116,0.052,20.991,0.693,0.287,,X,CP,0.1702,2.786,2.311,10.87
20000140,140,8.45,109.79,0.0676,34.445,0.721,0.299,,Xc,P,0.2180,2.731,2.135,3.19
20000141,141,8.38,117.916,0.067,19.87,,,,Ch,CPF,0.2130,2.666,2.098,11.90
20000142,142,10.54,54.812,0.047,9.764,0.621,0.236,,B,F,0.1328,2.419,2.098,2.24
20000143,143,9.33,95.377,0.044,22.005,0.738,0.336,,Xc,C,0.0715,2.764,2.566,11.44
20000144,144,8.07,142.38,0.0597,13.819,0.727,0.402,,Ch,C,0.2356,2.653,2.028,4.82
20000145,145,8.42,127.783,0.061,15.071,0.701,0.352,,Ch,C,0.1475,2.671,2.277,12.62
20000146,146,8.51,160.310,0.036,18.557,0.703,0.405,,Ch,C,0.0646,2.721,2.545,13.10
20000147,147,8.73,132.93,0.0492,7.8528,0.678,0.293,,C,C,0.0220,3.137,3.068,1.93
20000148,148,7.58,97.75,0.1640,20.664,0.858,0.423,,S,GU,0.1879,2.77,2.250,25.29
20000149,149,10.53,23.719,0.152,26.023,0.803,0.500,,,S,0.0649,2.175,2.034,0.94
20000150,150,8.58,119.128,0.052,8.1347,0.706,0.275,,Cb,CX,0.1239,2.985,2.615,2.20
20000151,151,9.34,39.037,0.233,9.864,0.867,0.496,,Sl,S,0.0361,2.591,2.497,6.43
20000152,152,8.37,58.964,0.257,6.246,0.882,0.452,,S,I,0.0827,3.136,2.877,12.12
20000153,153,7.74,170.63,0.0618,5.9585,0.669,0.243,,X,P,0.1385,3.969,3.419,7.83
20000154,154,7.65,192.611,0.044,25.224,,,,C,,0.0770,3.193,2.947,21.02
20000155,155,11.15,39.605,0.027,7.9597,0.688,0.234,,,XFC,0.2728,2.761,2.008,11.36
20000156,156,8.81,143.346,0.030,22.132,0.713,0.315,,Ch,C,0.2218,2.734,2.128,9.76
20000157,157,11.19,19.959,0.173,15.825,,,,,,0.1979,2.58,2.069,12.16
20000158,158,9.35,39.025,0.213,14.218,0.859,0.394,,S,S,0.0534,2.868,2.715,1.01
20000159,159,8.28,125.236,0.064,24.476,0.700,0.380,,Ch,C,0.0994,3.108,2.799,6.11
20000160,160,9.06,81.24,0.0625,11.033,0.718,0.363,,C,CX,0.0656,2.728,2.549,3.82
20000161,161,9.31,40.992,0.230,7.28,0.719,0.208,,Xc,M,0.1377,2.38,2.052,9.05
20000162,162,9.11,97.021,0.051,11.8686,0.747,0.374,,Ch,STU,0.1830,3.014,2.463,6.09
20000163,163,9.77,81.579,0.033,16.136,0.717,0.341,,Ch,C,0.1920,2.367,1.912,4.82
20000164,164,8.77,100.254,0.029,13.66,0.684,0.326,,X,CX,0.3463,2.633,1.721,24.47
20000165,165,7.81,180.083,0.047,7.226,0.722,0.291,,Cb,CD,0.0835,3.127,2.866,11.23
20000166,166,9.88,52.393,0.046,4.715,0.725,0.425,,Xe,GC:,0.2103,2.687,2.122,12.02
20000167,167,9.38,39.935,0.223,13.07,0.837,0.400,,Sk,S,0.0370,2.854,2.748,2.22
20000168,168,8.28,145.366,0.056,47.009,0.745,0.384,,Ch,C,0.0744,3.372,3.121,4.67
20000169,169,9.55,37.517,0.188,14.537,0.848,0.458,,Sl,S,0.1301,2.359,2.052,5.50
20000170,170,9.33,33.136,0.282,13.12,0.886,0.447,,S,S,0.0614,2.555,2.398,14.36
20000171,171,8.63,130.808,0.076,6.66535,0.695,0.341,,C,C,0.1328,3.128,2.713,2.55
20000172,172,8.72,62.43,0.1382,27.417,0.890,0.499,,L,S,0.1141,2.38,2.108,10.02
20000173,173,7.92,125.821,0.096,6.15,0.705,0.305,,Xk,C,0.2095,2.742,2.167,14.19
20000174,174,8.40,64.849,0.169,5.744,0.858,0.484,,S,S,0.1454,2.858,2.443,12.10
20000175,175,8.62,94.532,0.094,8.324,0.706,0.332,,Cg,C,0.2315,3.187,2.449,3.22
20000176,176,8.44,106.976,0.065,11.2877,,,,Ch,G,0.1722,3.18,2.632,22.68
20000177,177,9.63,69.049,0.022,13.856,0.730,0.350,,Ch,C:,0.2347,2.772,2.121,1.38
20000178,178,9.50,35.81,0.2438,12.323,0.904,0.486,,S,S,0.0424,2.46,2.356,1.89
20000179,179,8.26,69.946,0.198,11.173,0.832,0.408,,Sk,S,0.1093,2.973,2.648,7.82
20000180,180,10.32,23.440,0.242,23.866,0.829,0.451,,Sq,S,0.1686,2.722,2.263,0.87
20000181,181,8.07,115.383,0.101,52.23,0.815,0.379,,Xk,S,0.2084,3.124,2.473,18.90
20000182,182,9.09,39.520,0.196,80.088,0.862,0.425,,S,S,0.1865,2.416,1.965,2.01
20000183,183,9.47,32.927,0.227,11.77,0.842,0.359,,S,S,0.3482,2.795,1.822,26.39
20000184,184,8.38,62.483,0.215,6.4416,0.699,0.227,,X,X,0.0589,3.191,3.003,1.13
20000185,185,7.63,160.464,0.062,21.797,0.668,0.331,,C,C,0.1269,2.738,2.391,23.25
20000186,186,9.09,49.99,0.1929,19.842,0.859,0.397,,K,S,0.1495,2.363,2.010,13.18
20000187,187,8.39,147.294,0.044,10.67,0.709,0.348,,Ch,C,0.2389,2.731,2.079,10.57
20000188,188,9.29,35.752,0.242,11.98,0.891,0.386,,S,S,0.1786,2.762,2.269,11.70
20000189,189,9.38,38.490,0.170,22.346,0.904,0.491,,Sa,S,0.0372,2.45,2.359,5.17
20000190,190,7.89,159,0.066,6.521,0.683,0.269,,X,P,0.1683,3.995,3.323,6.17
20000191,191,9.09,94.536,0.046,17.604,0.675,0.258,,Cb,XC:,0.0870,2.897,2.644,11.52
20000192,192,7.20,98.776,0.327,13.625,0.927,0.487,,Sl,S,0.2453,2.403,1.814,6.80
20000193,193,9.79,26.302,0.343,6.581,0.811,0.306,,Sk,,0.2984,2.599,1.823,12.00
20000194,194,7.85,161.667,0.057,15.679,0.724,0.341,,C,C,0.2372,2.618,1.997,18.51
20000195,195,9.23,93.109,0.051,16.521,0.704,0.387,,Ch,C,0.0388,2.878,2.766,6.96
20000196,196,6.72,144.626,0.342,8.334,0.852,0.451,,S,S,0.0136,3.115,3.072,7.26
20000197,197,9.55,31.729,0.373,6.6084,0.908,0.496,,S,S,0.1625,2.739,2.294,8.79
20000198,198,8.49,54.323,0.268,10.379,0.885,0.421,,S,S,0.2272,2.459,1.900,9.32
20000199,199,8.44,76.129,0.107,5.2201,,,,X,,0.1834,3.162,2.582,15.48
20000200,200,8.45,128.301,0.053,37.394,0.727,0.375,,Ch,C,0.1336,2.738,2.372,6.90
20000201,201,8.57,85.877,0.040,3.7474,0.720,0.233,,X,M,0.1801,2.681,2.198,5.76
20000202,202,7.68,86.15,0.2562,23.67,0.875,0.475,,,S,0.1051,3.068,2.745,8.85
20000203,203,8.93,124.592,0.036,24.052,0.702,0.293,,,DCX:,0.0611,2.739,2.571,3.17
20000204,204,8.98,48.566,0.194,19.489,0.813,0.415,,,S,0.1760,2.67,2.200,8.27
20000205,205,9.42,76.983,0.061,14.911,0.688,0.350,,Ch,C,0.0359,2.777,2.677,10.71
20000206,206,8.94,113,0.057,11.122,0.690,0.345,,C,C,0.0408,2.742,2.630,3.78
20000207,207,10.26,57.880,0.058,30.098,0.722,0.389,,Ch,C,0.0285,2.284,2.219,3.80
20000208,208,9.26,40.056,0.206,14.085,0.841,0.407,,Sk,S,0.0113,2.893,2.861,1.74
20000209,209,8.30,179.008,0.028,5.7366,0.691,0.294,,Xc,C,0.0533,3.15,2.982,7.17
20000210,210,9.38,86.65,0.0436,6.672,0.667,0.248,,Cb,CF,0.1233,2.722,2.386,5.26
20000211,211,7.96,141.125,0.062,18.365,0.711,0.364,,Ch,C,0.1546,3.048,2.577,3.87
20000212,212,8.48,136.12,0.0465,10.283,0.704,0.286,,,DCX:,0.1029,3.117,2.797,4.28
20000213,213,9.10,82.096,0.092,12.042,0.650,0.221,,B,F,0.1456,2.755,2.353,6.82
20000214,214,9.33,24.957,1.000,6.835,0.700,0.217,,Xc,E,0.0311,2.611,2.530,3.44
20000215,215,9.59,35.210,0.243,27.937,0.845,0.451,,,S,0.0338,2.768,2.674,1.68
20000216,216,7.04,122,0.1164,5.385,0.713,0.238,,Xe,M,0.2503,2.795,2.095,13.12
20000217,217,9.91,65.392,0.049,25.272,,,,,X,0.3097,2.868,1.980,10.52
20000218,218,8.69,60.62,0.1746,6.337,0.859,0.443,,,S,0.1153,2.669,2.361,15.19
20000219,219,9.39,37.674,0.189,59.74,0.905,0.482,,,S,0.2229,2.355,1.830,10.86
20000220,220,11.20,31.738,0.055,18.198,,,,,XC,0.2572,2.349,1.745,7.60
20000221,221,7.73,95.469,0.166,10.443,0.768,0.410,,K,S,0.1011,3.013,2.708,10.89
20000222,222,9.62,55.350,0.128,7.8371,0.688,0.395,,,BU,0.1307,3.15,2.739,2.14
20000223,223,9.87,79.806,0.020,20.283,0.706,0.285,,,X,0.1207,3.092,2.719,1.92
20000224,224,8.70,58.236,0.166,9.401,0.748,0.201,,,M,0.0447,2.645,2.527,5.84
20000225,225,8.78,95.934,0.062,7.3556,0.648,0.282,,,F,0.2618,3.398,2.508,20.84
20000226,226,9.85,31.494,0.352,11.147,,,,S,,0.2034,2.712,2.161,15.97
20000227,227,9.13,123.891,0.065,26.468,,,,,,0.1998,3.152,2.522,9.09
20000228,228,12.26,9.30,0.2082,6.484,0.918,0.596,,S,S,0.2422,2.201,1.668,2.54
20000229,229,9.33,105.912,0.035,6.6,0.708,0.253,,,BCU,0.1360,3.424,2.958,2.08
20000230,230,7.50,111.332,0.164,24.0055,0.871,0.440,,Sl,S,0.0611,2.382,2.237,9.45
20000231,231,9.69,73.545,0.068,14.245,,,,,,0.1573,2.918,2.459,5.09
20000232,232,10.59,54.730,0.031,21.905,0.709,0.366,,,C,0.1715,2.555,2.117,6.07
20000233,233,8.43,99.672,0.094,19.694,0.775,0.321,,K,T,0.1016,2.659,2.389,7.69
20000234,234,9.12,45.476,0.205,26.4744,0.897,0.488,,Ld,S,0.2461,2.384,1.798,15.38
20000235,235,8.98,57.517,0.177,17.61,0.897,0.541,,,S,0.0601,2.882,2.708,9.03
20000236,236,8.19,77.708,0.156,12.338,0.852,0.444,,L,S,0.1897,2.8,2.269,7.70
20000237,237,9.16,41.08,0.2108,29.215,0.787,0.413,,S,S,0.0744,2.761,2.556,9.76
20000238,238,8.04,155.659,0.039,8.8749,0.739,0.383,,Ch,C,0.0918,2.905,2.638,12.41
20000239,239,10.49,37.609,0.095,18.4707,,,,,,0.2356,2.966,2.267,6.18
20000240,240,9.15,87.928,0.031,10.565,0.705,0.368,,C,C,0.2089,2.663,2.106,2.11
20000241,241,7.75,168.90,0.0575,15.51,0.689,0.289,,B,CP,0.1063,3.046,2.722,5.52
20000242,242,9.53,40.802,0.222,4.5478,,,,Xc,,0.1229,2.862,2.510,11.35
20000243,243,10.08,32,0.262,4.634,0.802,0.416,,S,S,0.0455,2.863,2.732,1.13
20000244,244,11.99,11.077,0.256,129.51,,,,Sa,,0.1368,2.174,1.877,2.85
20000245,245,7.96,75.949,0.228,14.38,0.841,0.476,,S,S,0.1976,3.095,2.484,5.18
20000246,246,8.63,50.891,0.193,16.222,0.990,0.602,,A,A,0.1070,2.697,2.409,15.62
20000247,247,8.16,130.935,0.064,12.093,0.691,0.295,,Xc,CP,0.2464,2.739,2.064,24.96
20000248,248,10.25,50.120,0.062,11.912,0.830,0.340,,,,0.0679,2.471,2.303,4.07
20000249,249,11.42,34.83,0.0428,84.94,0.750,0.330,,,,0.2173,2.378,1.862,9.62
20000250,250,7.68,120.995,0.112,5.0545,0.728,0.262,,Xk,M,0.1370,3.141,2.711,12.82
20000251,251,9.96,27.495,0.234,20.216,,,,,,0.0934,3.099,2.810,10.55
20000252,252,9.94,65.344,0.047,10.864,,,,,,0.0657,3.16,2.953,10.04
20000253,253,10.35,52.8,0.0436,417.7,,,,Cb,,0.2644,2.647,1.947,6.74
20000254,254,11.85,12.467,0.170,5.8949,0.845,0.505,,,S,0.1216,2.195,1.928,4.51
20000255,255,10.53,56.939,0.038,19.499,0.764,0.275,,,X,0.0790,2.747,2.530,9.46
20000256,256,9.92,66.634,0.050,16.664,,,,,,0.0631,3.003,2.813,13.30
20000257,257,9.69,72.66,0.0545,15.7095,0.761,0.384,,Ch,SCTU,0.1124,3.119,2.769,3.61
20000258,258,8.26,64.78,0.1676,10.041,0.876,0.459,,S,S,0.2049,2.614,2.079,14.33
20000259,259,7.81,174.318,0.043,8.143,0.698,0.311,,X,CP,0.1300,3.134,2.726,10.81
20000260,260,9.28,101.539,0.044,8.29,0.714,0.306,,,CX:,0.1067,3.453,3.084,6.42
20000261,261,9.56,50.011,0.137,8.002,0.700,0.299,,X,B,0.0904,2.331,2.120,3.63
20000262,262,11.68,14.645,0.211,17.386,0.850,0.557,,,S,0.2122,2.553,2.011,7.67
20000263,263,10.24,23.952,0.198,16.809,,,,S,,0.0807,2.885,2.652,1.32
20000264,264,8.31,62.969,0.187,9.2276,0.840,0.419,,S,S,0.1351,2.799,2.421,10.43
20000265,265,11.87,22.767,0.113,11.681,,,,,,0.2658,2.422,1.778,25.64
20000266,266,8.72,109.494,0.027,13.018,0.707,0.336,,Ch,C,0.1548,2.806,2.371,13.40
20000267,267,10.23,55.998,0.051,7.648,,,,D,DU,0.1026,2.773,2.489,6.01
20000268,268,8.62,144.585,0.041,7.8,0.663,0.285,,,FC,0.1372,3.091,2.667,2.44
20000269,269,9.70,50.728,0.061,33.128,,,,Ld,,0.2166,2.613,2.047,5.48
20000270,270,8.88,51.400,0.211,15.06,0.866,0.530,,,S,0.1508,2.198,1.867,2.37
20000271,271,9.86,65.901,0.045,18.787,0.724,0.348,,,PC,0.1037,3.004,2.692,3.53
20000272,272,10.86,26.870,0.128,3.8548,,,,X,,0.0298,2.777,2.694,4.43
20000273,273,10.52,29.768,0.212,23.924,0.760,0.374,,,SCTU,0.1615,2.395,2.008,20.44
20000274,274,9.99,27.307,0.237,17.938,,,,,,0.1152,3.048,2.697,3.69
20000275,275,9.04,103,0.049,14.933,0.723,0.324,,C,X,0.1621,2.774,2.324,4.77
20000276,276,8.57,114.723,0.051,6.315,0.708,0.271,,,X,0.0613,3.117,2.926,21.66
20000277,277,9.86,30.422,0.196,29.69,0.806,0.436,,,S,0.0916,2.885,2.621,1.17
20000278,278,9.38,32.773,0.247,6.497,,,,S,,0.1349,2.754,2.383,7.83
20000279,279,8.58,126.59,0.0412,23.896,0.746,0.232,,X,D,0.0440,4.268,4.080,2.33
20000280,280,10.98,45.69,0.0444,70.26,0.650,0.220,,,,0.1119,2.943,2.614,7.44
20000281,281,12.05,11.036,0.226,4.348,0.918,0.530,,S,SU,0.1323,2.187,1.898,5.30
20000282,282,11.11,39.03,0.0502,49.35,0.628,0.274,,B,BFU::,0.0810,2.339,2.149,9.04
20000283,283,8.79,132.385,0.023,6.896,0.712,0.297,,,X,0.1439,3.048,2.609,7.99
20000284,284,10.31,52.95,0.0602,8.545,0.698,0.380,,Ch,CX,0.2221,2.36,1.836,8.04
20000285,285,10.94,47.156,0.050,9.542,,,,,,0.2034,3.087,2.460,17.61
20000286,286,9.02,94.30,0.0508,15.365,0.690,0.328,,Ch,CX,0.0231,3.195,3.122,17.94
20000287,287,8.26,59.615,0.238,7.605,0.873,0.490,,,S,0.0237,2.353,2.297,10.03
20000288,288,9.87,28.981,0.175,1170,0.845,0.407,,S,S,0.2060,2.759,2.191,4.34
20000289,289,9.73,37.586,0.889,6.902,1.047,0.655,,A,A,0.2027,2.877,2.294,6.68
20000290,290,12.06,9.822,0.314,13.807,,,,,,0.2584,2.337,1.733,22.34
20000291,291,11.56,10.456,0.425,4.313,,,,,,0.0926,2.222,2.016,1.86
20000292,292,10.08,30.864,0.187,8.93,0.860,0.440,,,,0.0331,2.531,2.447,14.88
20000293,293,10.23,57.486,0.056,8.173,0.721,0.352,,,CX,0.1020,2.862,2.570,15.61
20000294,294,10.30,51.865,0.095,10.4227,,,,,,0.2326,3.157,2.423,6.27
20000295,295,10.04,28.340,0.171,10.702,0.862,0.501,,S,S,0.1674,2.798,2.330,2.70
20000296,296,12.53,8.196,0.379,4.5385,0.887,0.463,,,S,0.1604,2.228,1.871,1.75
20000297,297,9.21,39.48,0.1796,4.163,,,,,,0.1384,3.169,2.730,7.55
20000298,298,11.21,21.135,0.131,16.23,,,,,,0.0951,2.264,2.049,6.28
20000299,299,11.35,15.757,0.251,272.9,,,,,,0.0625,2.434,2.282,1.61
20000300,300,9.76,67.373,0.052,6.8423,,,,,,0.0591,3.203,3.013,0.73
20000301,301,10.52,53.042,0.057,12.253,,,,C,,0.0656,2.725,2.546,4.90
20000302,302,11.30,38.53,0.0524,14.381,0.639,0.294,,,F,0.1110,2.406,2.139,3.41
20000303,303,9.09,124.923,0.034,12.497,,,,,,0.0561,3.125,2.950,6.88
20000304,304,10.03,65.990,0.047,18.36,0.708,0.249,,Xc,C,0.2225,2.402,1.868,15.85
20000305,305,8.87,47.739,0.238,12.893,0.919,0.507,,,S,0.1973,3.087,2.478,4.45
20000306,306,8.76,47.200,0.201,8.736,0.864,0.453,,S,S,0.1521,2.357,1.999,7.28
20000307,307,10.06,61.313,0.043,11.857,0.669,0.267,,,CX,0.1430,2.907,2.491,6.13
20000308,308,8.17,128.578,0.047,12.031,0.783,0.379,,T,T,0.0384,2.749,2.643,4.36
20000309,309,10.64,41.075,0.056,22.398,,,,,,0.1166,2.663,2.353,3.71
20000310,310,10.20,33.708,0.115,12.07,,,,S,,0.1173,2.76,2.437,3.17
20000311,311,10.05,26.300,0.322,7.532,0.843,0.437,,,S,0.0064,2.897,2.878,3.22
20000312,312,8.96,46.191,0.230,10.282,0.843,0.429,,Sk,S,0.1603,2.782,2.336,9.03
20000313,313,9.18,71.183,0.044,8.392,0.715,0.342,,,C,0.1808,2.376,1.946,11.64
20000314,314,10.15,60.689,0.043,20.465,,,,,,0.1707,3.159,2.620,12.51
20000315,315,12.58,6.534,0.217,5.345,,,,,,0.1681,2.241,1.864,2.43
20000316,316,10.15,56.067,0.061,8.605,,,,,,0.1276,3.185,2.778,2.35
20000317,317,9.75,18.648,0.926,8.169,0.694,0.238,,Xe,E,0.0859,2.287,2.090,1.77
20000318,318,9.49,85,0.054,42.65,0.685,0.290,,,CXF,0.0854,3.197,2.924,10.66
20000319,319,10.18,49.943,0.085,430,,,,,,0.2141,3.41,2.680,10.56
20000320,320,10.79,23.362,0.155,6.8926,,,,,,0.1153,3.012,2.665,9.39
20000321,321,10.08,27.974,0.425,2.871,0.792,0.410,,S,S,0.0469,2.884,2.749,2.58
20000322,322,9.15,69.855,0.089,17.5845,0.719,0.230,,X,X,0.2440,2.784,2.104,8.05
20000323,323,9.50,27.714,0.295,9.463,0.893,0.480,,,S,0.2995,2.382,1.668,24.26
20000324,324,7.19,220.691,0.050,29.43,0.695,0.309,,,CP,0.3404,2.682,1.769,11.10
20000325,325,8.93,75.72,0.1068,6.737,0.714,0.268,,,M,0.1509,3.218,2.733,8.57
20000326,326,9.37,93.00,0.0368,14.445,0.708,0.318,,,C,0.1901,2.318,1.877,23.70
20000327,327,10.02,30.291,0.214,5.932,,,,Sl,,0.0637,2.775,2.599,7.13
20000328,328,9.01,145.680,0.025,10.992,,,,,S,0.1078,3.109,2.774,16.13
20000329,329,9.62,81.057,0.039,22.778,0.698,0.331,,,C,0.0262,2.477,2.412,15.88
20000330,330,12.53,9.111,0.256,3.5553,,,,,,0.2519,2.469,1.847,6.76
20000331,331,9.94,74.92,0.0447,25.315,0.698,0.298,,C,CX,0.0952,3.026,2.738,6.04
20000332,332,9.67,40.37,0.1719,8.0074,,,,Xk,,0.0915,2.772,2.518,2.84
20000333,333,9.59,72.199,0.047,9.862,0.773,0.401,,,C:,0.1598,3.13,2.630,3.74
20000334,334,7.62,198.770,0.041,7.361,0.736,0.358,,,C,0.0250,3.947,3.848,4.69
20000335,335,9.11,97.109,0.049,12.054,0.624,0.235,,B,FP,0.1715,2.476,2.052,5.10
20000336,336,9.95,63.356,0.054,13.6958,0.733,0.273,,Xk,D,0.0948,2.252,2.039,5.65
20000337,337,8.96,64.549,0.135,4.653,0.731,0.290,,X,X,0.1372,2.384,2.057,7.86
20000338,338,8.59,50.506,0.276,4.6084,0.704,0.247,,Xk,M,0.0176,2.913,2.862,6.04
20000339,339,9.41,44.329,0.198,5.974,0.783,0.405,,K,S,0.1022,3.009,2.702,9.96
20000340,340,9.99,28.025,0.247,8.0062,,,,,S,0.1183,2.747,2.422,4.67
20000341,341,11.29,15.830,0.425,318,0.920,,,,S,0.1946,2.199,1.771,5.67
20000342,342,10.24,64.266,0.035,6.319,0.712,0.356,,Ch,C,0.1299,2.568,2.234,7.35
20000343,343,11.70,18.213,0.092,109.87,0.770,0.463,,,CSGU,0.2295,2.412,1.858,3.26
20000344,344,8.30,124.181,0.067,10.747,0.725,0.382,,,C,0.3138,2.596,1.782,18.35
20000345,345,9.05,90.243,0.052,12.371,0.729,0.411,,Ch,C,0.0613,2.325,2.183,9.74
20000346,346,7.32,86.447,0.332,28.523,0.843,0.485,,S,S,0.1027,2.795,2.508,8.76
20000347,347,8.97,48.615,0.190,4.0529,0.685,0.259,,,M,0.1639,2.613,2.185,11.69
20000348,348,9.59,82.82,0.0448,7.3812,,,,X,,0.0723,2.967,2.753,9.76
20000349,349,6.04,139.77,0.3840,4.701,0.945,0.540,,R,R,0.0886,2.925,2.666,8.25
20000350,350,8.46,128.729,0.048,9.178,0.702,0.360,,,C,0.1607,3.108,2.608,24.91
20000351,351,9.18,39.720,0.286,13.29,0.835,0.410,,,S,0.1568,2.764,2.330,9.21
20000352,352,10.11,26.744,0.195,7.49,0.904,0.539,,Sl,S,0.1493,2.194,1.867,3.38
20000353,353,10.93,14.025,0.392,2.73898,,,,S,,0.3274,2.736,1.840,5.71
20000354,354,6.16,148.970,0.201,4.277,0.949,0.601,,Sl,S,0.1118,2.801,2.487,18.36
20000355,355,10.30,24.040,0.341,4.83,,,,S,,0.1067,2.537,2.266,4.29
20000356,356,8.37,145.503,0.065,31.701,0.733,0.349,,,C,0.2421,2.755,2.088,8.21
20000357,357,9.00,124.107,0.037,35.983,0.715,0.350,,,CX,0.0779,3.149,2.904,15.06
20000358,358,9.13,90.116,0.050,50.6,,,,Ch,,0.1517,2.877,2.441,3.55
20000359,359,9.42,43.89,0.2621,5.537,0.723,0.303,,X,CX,0.1559,2.729,2.304,6.77
20000360,360,8.50,129.125,0.043,6.183,0.692,0.269,,C,C,0.1737,3.005,2.483,11.74
20000361,361,8.37,154.334,0.038,13.835,0.743,0.271,,,DP,0.2107,3.979,3.140,12.57
20000362,362,9.12,98,0.052,16.92,0.715,0.346,,,XC,0.0447,2.578,2.463,8.06
20000363,363,9.04,97,0.059,8.401,0.751,0.375,,X,XC,0.0730,2.746,2.546,5.95
20000364,364,9.92,25.901,0.300,9.156,0.912,0.538,,,S,0.1492,2.22,1.889,6.01
20000365,365,9.20,86.773,0.050,12.705,0.714,0.331,,C,X,0.1554,2.804,2.368,12.80
20000366,366,8.66,86.368,0.091,12.7365,,,,Ch,,0.0598,3.147,2.959,10.58
20000367,367,10.61,21.243,0.393,5.05538,,,,,,0.0952,2.22,2.008,2.94
20000368,368,9.94,69.277,0.038,9.823,0.734,0.292,,,D,0.2066,3.07,2.435,7.78
20000369,369,8.63,73.767,0.127,4.778,0.711,0.274,,,M,0.0987,2.648,2.386,12.73
20000370,370,10.68,38.093,0.065,22.5299,0.709,0.289,,,X,0.0906,2.325,2.114,7.86
20000371,371,8.76,52.976,0.234,10.7391,0.822,0.511,,S,QSV,0.0621,2.727,2.558,7.40
20000372,372,7.32,173.642,0.059,8.567,,,,B,BFC,0.2525,3.162,2.364,23.78
20000373,373,9.14,98.695,0.040,12.9869,0.669,0.371,,,C,0.1372,3.12,2.692,15.38
20000374,374,8.79,44.67,0.3014,6.9624,0.847,0.448,,S,S,0.0802,2.779,2.556,8.99
20000375,375,7.49,216,0.037,16.899,0.683,0.341,,Xc,C,0.1024,3.127,2.807,15.94
20000376,376,9.58,35.465,0.321,7.74,0.891,0.476,,Sl,S,0.1724,2.288,1.894,5.43
20000377,377,9.12,90.346,0.060,11.664,0.730,0.305,,Ch,PD,0.0752,2.69,2.488,6.68
20000378,378,9.81,27.831,0.339,4.45,0.874,0.424,,S,S,0.1295,2.777,2.417,7.01
20000379,379,9.11,84.787,0.046,14.141,0.672,0.287,,C,B,0.1791,3.142,2.579,1.67
20000380,380,9.62,67.508,0.066,13.69,0.707,0.376,,,C,0.1148,2.679,2.371,6.16
20000381,381,8.38,127.639,0.064,6.572,0.683,0.300,,Cb,C,0.0879,3.234,2.950,12.61
20000382,382,8.78,65.209,0.129,4.113,0.690,0.243,,,M,0.1650,3.135,2.618,7.40
20000383,383,10.06,43.482,0.040,6.426,0.682,0.352,,B,B,0.1686,3.137,2.608,2.66
20000384,384,9.38,34.435,0.192,404.9,0.846,0.419,,S,S,0.1454,2.653,2.267,5.59
20000385,385,7.81,85.837,0.242,62.35,0.847,0.370,,,S,0.1269,2.848,2.486,13.58
20000386,386,7.75,165.01,0.0692,9.763,0.723,0.407,,C,C,0.1693,2.897,2.407,20.22
20000387,387,7.49,100.51,0.1900,24.144,0.881,0.449,,L,S,0.2384,2.737,2.084,18.15
20000388,388,8.70,125.754,0.042,9.516,0.719,0.280,,C,C,0.0650,3.005,2.810,6.45
20000389,389,7.97,74.378,0.225,8.4973,0.855,0.420,,S,S,0.0664,2.608,2.435,8.12
20000390,390,10.20,25.688,0.268,3.74097,0.789,0.293,,,DT,0.1320,2.651,2.301,12.14
20000391,391,10.88,15.751,0.290,26.391,,,,S,S,0.3052,2.321,1.612,23.20
20000392,392,9.73,60.750,0.173,13.058,,,,Ch,,0.1382,2.886,2.487,14.32
20000393,393,8.39,116.191,0.022,38.455,0.740,0.324,,Xc,C,0.3329,2.781,1.855,14.83
20000394,394,9.72,29.970,0.294,16.53,0.826,0.411,,S,S,0.2280,2.761,2.132,6.22
20000395,395,10.53,44.189,0.033,19.681,0.726,0.356,,Ch,C,0.0834,2.788,2.556,3.35
20000396,396,10.09,39.242,0.126,14.353,,,,Xe,,0.1592,2.741,2.305,2.55
20000397,397,9.35,49.032,0.139,15.48,0.823,0.362,,K,S,0.2473,2.635,1.983,12.87
20000398,398,10.73,49.771,0.054,20.998,,,,C,,0.2245,2.736,2.122,9.56
20000399,399,8.92,39.566,0.311,9.136,,,,X,,0.0771,3.051,2.815,13.12
20000400,400,10.75,36.001,0.112,6.8678,,,,,,0.1159,3.126,2.763,10.53
20000401,401,9.45,87.803,0.052,6.049,,,,,,0.0305,3.346,3.244,5.96
20000402,402,9.10,55.421,0.164,10.664,0.808,0.402,,K,S,0.1114,2.559,2.274,11.84
20000403,403,9.03,53.574,0.173,12.283,,,,S,S,0.0979,2.812,2.536,9.15
20000404,404,9.11,94.970,0.037,8.887,0.675,0.333,,Ch,C,0.2016,2.592,2.069,14.10
20000405,405,8.81,108.894,0.018,9.95,0.698,0.388,,Ch,C,0.2434,2.584,1.955,11.94
20000406,406,10.43,46.266,0.060,8.789,0.738,0.273,,,P,0.1777,2.917,2.399,4.19
20000407,407,9.16,95.07,0.0548,22.627,0.698,0.376,,,C,0.0703,2.625,2.440,7.52
20000408,408,9.37,35.620,0.221,202.1,,,,,,0.1469,3.165,2.700,9.09
20000409,409,7.66,171.012,0.054,9.022,0.719,0.323,,Xc,CX,0.0733,2.575,2.386,11.29
20000410,410,8.45,118.929,0.043,32.5,0.748,0.394,,Ch,C,0.2400,2.726,2.072,10.96
20000411,411,9.56,76.53,0.0831,11.344,,,,,,0.1140,2.934,2.600,15.35
20000412,412,9.14,96.056,0.044,19.635,,,,C,,0.0412,2.762,2.649,13.78
20000413,413,10.05,34.242,0.129,15.773,0.680,0.220,,X,M,0.3423,2.583,1.699,18.74
20000414,414,9.63,88.760,0.027,11.005,0.750,0.384,,Cg,C,0.0743,3.502,3.241,9.56
20000415,415,9.45,83.560,0.063,20.73,0.714,0.231,,,DP,0.3007,2.791,1.951,8.22
20000416,416,7.73,85.47,0.1689,5.372,0.892,0.459,,Sl,S,0.2197,2.792,2.178,12.83
20000417,417,9.67,54.874,0.072,7.034,0.755,0.357,,Xk,X,0.1350,2.8,2.422,6.65
20000418,418,9.75,40.330,0.201,4.671,0.703,0.225,,,M,0.1183,2.593,2.287,6.82
20000419,419,8.56,148.701,0.034,16.784,0.641,0.230,,,F,0.2523,2.596,1.941,3.93
20000420,420,8.32,138.699,0.044,10.987,0.691,0.229,,,P,0.0209,3.419,3.348,6.71
20000421,421,11.58,14.119,0.172,25.509,0.848,0.452,,,S,0.2825,2.542,1.824,7.79
20000422,422,10.64,10.714,0.716,25.978,0.715,0.292,,,DX,0.2143,2.228,1.751,4.99
20000423,423,7.38,175.859,0.067,4.775,0.668,0.308,,C,C,0.0339,3.067,2.963,11.24
20000424,424,9.73,102.565,0.027,20.063,,,,,,0.1099,2.773,2.468,8.22
20000425,425,9.76,67.925,0.042,17.505,,,,C,,0.0572,2.886,2.721,4.05
20000426,426,8.56,137.562,0.040,67.52,0.710,0.345,,,F,0.1066,2.887,2.579,19.50
20000427,427,10.18,32.193,0.205,3.705,,,,,,0.1185,2.973,2.620,5.13
20000428,428,11.99,20.184,0.069,3.63384,,,,,,0.1782,2.308,1.897,6.19
20000429,429,9.99,69.62,0.0430,13.577,0.741,0.346,,,C,0.1243,2.606,2.282,9.54
20000430,430,11.10,31.702,0.054,7.205,,,,,,0.2503,2.851,2.137,14.54
20000431,431,9.09,101.900,0.055,13.53,0.643,0.334,,B,B,0.1717,3.146,2.606,1.83
20000432,432,9.09,46.90,0.2338,8.252,0.870,0.440,,S,S,0.1447,2.371,2.028,12.12
20000433,433,10.39,16.84,0.25,5.27,0.921,0.531,,S,S,0.2228,1.458,1.133,10.83
20000434,434,11.21,8.934,0.726,26.521,0.717,0.247,,Xe,E,0.0739,1.944,1.801,22.51
20000435,435,10.48,34.792,0.118,4.623,0.709,0.280,,,DCX,0.1546,2.45,2.071,1.82
20000436,436,10.03,58.609,0.060,16.133,,,,,,0.0710,3.201,2.974,18.50
20000437,437,10.47,13.373,0.677,433.2,0.730,,,,,0.2500,2.385,1.789,7.35
20000438,438,10.19,58.871,0.061,8.831,0.611,0.200,,,F:,0.0668,2.555,2.385,7.36
20000439,439,9.83,70.421,0.027,37.46,0.720,0.217,,,X:,0.0673,3.132,2.921,19.13
20000440,440,11.54,13.600,0.630,4.828,,,,,,0.1071,2.211,1.974,1.60
20000441,441,8.65,65.131,0.204,10.446,0.701,0.250,,Xk,M,0.0825,2.806,2.574,8.16
20000442,442,9.96,62.171,0.044,11.871,0.692,0.331,,Ch,C,0.0707,2.346,2.180,6.07
20000443,443,10.11,25.504,0.210,19.795,0.902,0.479,,Sl,S,0.0399,2.216,2.127,4.23
20000444,444,8.07,159.331,0.051,6.214,0.676,0.293,,C,C,0.1734,2.771,2.290,10.27
20000445,445,9.29,87.812,0.044,19.959,0.684,0.368,,,C,0.1985,3.198,2.563,21.32
20000446,446,8.86,53.562,0.317,15.7413,1.026,0.615,,A,A,0.1246,2.788,2.440,10.61
20000447,447,9.06,85.224,0.061,9.651,0.778,0.387,,,TD,0.0458,2.984,2.848,4.80
20000448,448,10.20,50.534,0.052,8.0646,0.660,0.303,,,C,0.1868,3.134,2.549,12.73
20000449,449,9.91,85.59,0.0393,36.516,0.701,0.378,,,C,0.1737,2.55,2.107,3.08
20000450,450,10.43,37.038,0.094,10.7657,0.785,0.475,,,CSU,0.0978,3.017,2.722,10.13
20000451,451,6.79,253.900,0.085,9.727,0.666,0.310,,,CU,0.0696,3.064,2.851,15.21
20000452,452,11.86,11.563,0.252,2.8813,,,,,,0.0109,2.847,2.816,3.23
20000453,453,10.57,23.985,0.137,6.812,,,,S,S,0.1083,2.184,1.947,5.55
20000454,454,9.40,81.743,0.055,8.378,0.662,0.347,,,CB,0.1118,2.627,2.333,6.29
20000455,455,8.92,88.792,0.033,11.839,0.694,0.311,,,CP,0.2944,2.656,1.874,12.02
20000456,456,9.10,37.713,0.286,18.281,,,,S,,0.1834,2.784,2.273,14.49
20000457,457,11.10,18.739,0.208,21.953,,,,,,0.1709,3.095,2.566,12.98
20000458,458,9.77,36.698,0.191,21.806,0.885,0.471,,L,S,0.2438,2.993,2.263,12.66
20000459,459,10.37,25.784,0.221,5.5362,0.869,0.453,,,S,0.2112,2.62,2.066,10.30
20000460,460,10.75,19.689,0.262,164.1,,,,K,,0.1037,2.718,2.436,4.64
20000461,461,10.49,43.603,0.057,7.348,0.610,0.310,,,FCX,0.1458,3.118,2.663,1.47
20000462,462,9.32,34.274,0.259,8.659,0.834,0.421,,S,S,0.0869,2.874,2.624,3.19
20000463,463,11.75,20.908,0.082,6.206,0.713,0.294,,,X,0.2195,2.398,1.872,13.54
20000464,464,9.71,77.056,0.045,12.879,0.638,,,C,FXU:,0.2039,2.803,2.232,10.16
20000465,465,9.85,73.34,0.0433,10.936,,,,,,0.1975,3.112,2.497,4.66
20000466,466,8.41,95.495,0.092,8.834,0.659,0.342,,,C,0.0971,3.352,3.026,19.02
20000467,467,10.92,39.471,0.037,70.63,,,,,,0.1067,2.945,2.630,6.45
20000468,468,9.80,60.238,0.057,16.33,0.660,0.313,,,CPF,0.1949,3.136,2.525,0.44
20000469,469,8.66,133.718,0.035,17.5727,0.655,0.268,,,X,0.1615,3.178,2.665,11.45
20000470,470,10.05,27.750,0.148,296.2,0.886,0.466,,S,S,0.0961,2.404,2.173,7.23
20000471,471,6.33,148.128,0.164,7.113,0.828,0.473,,S,S,0.2291,2.889,2.227,15.02
20000472,472,8.86,50.278,0.189,9.8007,0.882,0.473,,,S,0.0955,2.543,2.300,15.82
20000473,473,11.71,12.394,0.138,3.0785,,,,,,0.1086,2.661,2.372,12.94
20000474,474,10.93,40.972,0.041,8.572,,,,,,0.2102,2.453,1.937,8.80
20000475,475,11.54,17.830,0.057,7.3151,0.695,,,,X,0.3790,2.593,1.610,18.95
20000476,476,8.67,138.493,0.035,27.33,0.716,0.375,,X,P,0.0750,2.65,2.451,10.93
20000477,477,10.25,22.988,0.246,19.413,0.884,0.469,,S,S,0.1872,2.415,1.963,5.29
20000478,478,7.94,80.738,0.174,16.11,0.850,0.445,,L,S,0.0807,3.019,2.775,13.17
20000479,479,9.78,60.088,0.071,9.454,,,,C,,0.2176,2.722,2.130,8.68
20000480,480,8.22,56.22,0.2485,16.19,0.854,0.439,,,S,0.0443,2.644,2.527,21.33
20000481,481,8.79,101.829,0.032,14.412,,,,Ch,C,0.1572,2.74,2.309,9.85
20000482,482,8.91,45.751,0.246,11.7922,0.871,0.455,,,S,0.0950,3.005,2.719,14.45
20000483,483,8.42,66.858,0.184,12.727,0.863,0.410,,,S,0.0501,3.424,3.253,18.76
20000484,484,9.69,30.060,0.222,10.63,0.850,,,S,,0.0568,2.667,2.516,12.51
20000485,485,8.24,63.88,0.2072,17.59,0.848,0.427,,S,,0.1894,2.751,2.230,13.87
20000486,486,11.15,22.781,0.150,65.15,,,,,,0.1637,2.352,1.967,11.10
20000487,487,8.43,59.046,0.328,13.34,0.852,0.424,,,S,0.0862,2.669,2.439,10.25
20000488,488,7.88,168.117,0.047,32.645,0.691,0.368,,,C,0.1584,3.167,2.666,11.48
20000489,489,8.61,139.39,0.0427,9.02,0.697,0.369,,,C,0.0489,3.152,2.998,12.99
20000490,490,8.66,118.803,0.059,7.93,0.750,0.390,,Ch,C,0.0885,3.175,2.894,9.29
20000491,491,9.01,91.176,0.037,14.836,,,,C,,0.0831,3.192,2.927,18.87
20000492,492,9.99,53.418,0.069,6.488,,,,,,0.1830,3.109,2.540,1.61
20000493,493,10.92,41.550,0.081,51.94,,,,,,0.1780,3.115,2.560,15.18
20000494,494,9.29,100.786,0.065,40.42,0.728,0.373,,Ch,C,0.0642,2.986,2.794,7.08
20000495,495,11.21,37.287,0.062,28.967,0.690,0.160,,,,0.1299,2.486,2.163,2.28
20000496,496,11.75,14.403,0.193,1072,0.861,0.507,,S,S,0.0787,2.199,2.026,3.79
20000497,497,9.82,40.932,0.119,4.62,0.696,0.245,,,M,0.3006,2.851,1.994,4.82
20000498,498,8.86,81.83,0.0694,41.85,0.780,0.375,,,M,0.2240,2.65,2.056,9.50
20000499,499,9.59,77.328,0.052,13.48,0.663,0.291,,,P,0.2173,4.015,3.143,2.09
20000500,500,9.46,40.828,0.202,8.0111,,,,,,0.1454,2.613,2.233,9.79
